<?xml version="1.0" encoding="utf-8"?>
<project>
	<!--<launchImage path="Assets/openfl.png" /> -->
	<window background="#000000" fps="60" />
	<window width="0" height="0" unless="mobile" />
	<window width="0" height="0" if="flash" />
	<meta title="brickbreaker" package="com.sample.brickbreaker" version="1.0.0" company="Company Name" />
	<app main="Main" path="Export" file="brickbreaker" preloader="Preloader" />

	<source path="Source" />
	
	<haxelib name="openfl" />
	<assets path="Assets" rename="assets" />
	<haxelib name="actuate" />
	<haxelib name="openfl" />
	<haxelib name="haxeui" />
	<haxedef name="fdb" if="flash"/>
	<icon path="assets/icons/rayIcon.svg" />
	<asset path="assets/sounds" include="*.ogg" if="html5" />
	<asset path="assets/sounds" include="*.mp3" if="flash" />
	<assets path="assets/preloader" include="*" if="web" />
</project>